<application>
  <component name="XDebuggerSettings">
    <data-views>
      <option name="valueLookupDelay" value="150" />
    </data-views>
    <general />
    <debuggers>
      <debugger id="dotnet_debugger">
        <configuration>
          <option name="breakOnUserUnhandledExceptions" value="true" />
          <option name="needNotifyWhenStoppedInExternalCode" value="false" />
          <option name="remappedSourceLocationsMap">
            <map />
          </option>
        </configuration>
      </debugger>
    </debuggers>
  </component>
</application>