<keymap version="1" name="VS Code" parent="ReSharper OSX">
  <action id="AceWordAction">
    <keyboard-shortcut first-keystroke="meta j" />
  </action>
  <action id="AddToFavoritesPopup" />
  <action id="CloseContent">
    <keyboard-shortcut first-keystroke="meta f4" />
    <keyboard-shortcut first-keystroke="meta w" />
  </action>
  <action id="CollapseRegion">
    <keyboard-shortcut first-keystroke="ctrl meta c" />
  </action>
  <action id="CollapseSelection" />
  <action id="Console.Execute.Multiline" />
  <action id="DirDiffMenu.SynchronizeDiff.All" />
  <action id="EditorDeleteLine" />
  <action id="EditorLeft">
    <keyboard-shortcut first-keystroke="left" />
  </action>
  <action id="EditorSelectWord">
    <keyboard-shortcut first-keystroke="ctrl w" />
  </action>
  <action id="EditorStartNewLineBefore" />
  <action id="EditorUnSelectWord">
    <keyboard-shortcut first-keystroke="shift meta w" />
    <keyboard-shortcut first-keystroke="shift ctrl w" />
  </action>
  <action id="ExpandRegion">
    <keyboard-shortcut first-keystroke="ctrl meta e" />
  </action>
  <action id="FileChooser.TogglePathShowing" />
  <action id="GotoAction">
    <keyboard-shortcut first-keystroke="shift meta a" />
    <keyboard-shortcut first-keystroke="shift meta p" />
  </action>
  <action id="GotoDeclaration">
    <keyboard-shortcut first-keystroke="meta b" />
    <mouse-shortcut keystroke="meta button1" />
    <mouse-shortcut keystroke="button2" />
    <keyboard-shortcut first-keystroke="shift ctrl b" />
  </action>
  <action id="InsertLiveTemplate" />
  <action id="IntroduceVariable">
    <keyboard-shortcut first-keystroke="meta alt v" />
    <keyboard-shortcut first-keystroke="ctrl meta v" />
  </action>
  <action id="LocateInSolutionExplorer">
    <keyboard-shortcut first-keystroke="shift alt l" />
    <keyboard-shortcut first-keystroke="shift meta l" />
  </action>
  <action id="LocateInSolutionView">
    <keyboard-shortcut first-keystroke="shift ctrl s" />
  </action>
  <action id="ParameterInfo">
    <keyboard-shortcut first-keystroke="meta i" />
  </action>
  <action id="Pause">
    <keyboard-shortcut first-keystroke="meta pause" />
  </action>
  <action id="RdCodeCleanupAction" />
  <action id="ReSharperGotoImplementation">
    <keyboard-shortcut first-keystroke="shift meta alt b" />
    <mouse-shortcut keystroke="control alt button1" />
    <keyboard-shortcut first-keystroke="ctrl b" />
  </action>
  <action id="ReSharperGotoNextErrorInSolution">
    <keyboard-shortcut first-keystroke="alt f12" />
    <keyboard-shortcut first-keystroke="shift ctrl meta n" />
  </action>
  <action id="Refactorings.QuickListPopupAction">
    <keyboard-shortcut first-keystroke="shift meta r" />
    <keyboard-shortcut first-keystroke="meta r" />
  </action>
  <action id="ReformatCode">
    <keyboard-shortcut first-keystroke="meta alt l" />
    <keyboard-shortcut first-keystroke="shift alt f" />
  </action>
  <action id="Replace">
    <keyboard-shortcut first-keystroke="meta h" />
    <keyboard-shortcut first-keystroke="ctrl h" />
  </action>
  <action id="RiderBackendAction-EncapsulateField" />
  <action id="RiderUnitTestAppendTestsAction" />
  <action id="RiderUnitTestCoverSolutionAction" />
  <action id="RiderUnitTestDebugContextAction" />
  <action id="RiderUnitTestDotMemoryUnitAction" />
  <action id="RiderUnitTestDotMemoryUnitContextAction" />
  <action id="RiderUnitTestDotMemoryUnitSolutionAction" />
  <action id="RiderUnitTestNewSessionAction" />
  <action id="RiderUnitTestQuickListPopupAction">
    <keyboard-shortcut first-keystroke="shift alt u" />
    <keyboard-shortcut first-keystroke="meta t" />
  </action>
  <action id="RiderUnitTestRepeatPreviousRunAction" />
  <action id="RiderUnitTestRunContextAction" />
  <action id="RiderUnitTestRunContextUntilFailAction" />
  <action id="RiderUnitTestRunCurrentSessionAction" />
  <action id="RiderUnitTestRunSolutionAction" />
  <action id="RiderUnitTestSessionAbortAction" />
  <action id="RiderUnitTestSessionRerunFailedTestsAction" />
  <action id="SearchEverywhere">
    <keyboard-shortcut first-keystroke="meta n" />
    <keyboard-shortcut first-keystroke="meta p" />
  </action>
  <action id="ShowIntentionActions">
    <keyboard-shortcut first-keystroke="alt enter" />
    <keyboard-shortcut first-keystroke="meta enter" />
    <keyboard-shortcut first-keystroke="meta period" />
  </action>
  <action id="ShowUsages">
    <keyboard-shortcut first-keystroke="meta alt f7" />
    <keyboard-shortcut first-keystroke="ctrl alt b" />
  </action>
  <action id="SilentCodeCleanup">
    <keyboard-shortcut first-keystroke="shift meta alt f" />
  </action>
  <action id="ViewNavigationBar">
    <keyboard-shortcut first-keystroke="shift ctrl n" />
  </action>
  <action id="ViewSource" />
</keymap>